isbn,category,title,author,publisher,createDateTime
1 ,총류,핵심정리 PD 되기,홍경수,커뮤니케이션북스,2019-11-27T15:33:36.686+0000
2 ,총류,"언론고시, 하우 투 패스",이현택,커뮤니케이션북스,2019-11-27T15:33:36.686+0000
3 ,예술,필름메이커의 눈,구스타보 메르카도,비즈앤비즈,2019-11-27T15:33:36.686+0000
4 ,문학,김동인 단편전집 1,김동인,가람기획,2019-11-27T15:33:36.686+0000
5 ,문학,무진기행,김승옥,문학동네,2019-11-27T15:33:36.686+0000
6 ,문학,김수영 전집 1,김수영,민음사,2019-11-27T15:33:36.686+0000
7 ,예술,고전음악의 이해,"허영한, 이석원",심설당,2019-11-27T15:33:36.686+0000
8 ,사회과학,신 법학통론,최완진,세창출판사,2019-11-27T15:33:36.686+0000
9 ,문학,기호학이란 무엇인가,김경용 지음,민음사,2019-11-27T15:33:36.686+0000
10 ,문학,21세기 문예이론,김성곤,문학사상사,2019-11-27T15:33:36.686+0000
11 ,철학,법의 정신,몽테스키외,홍신문화사,2019-11-27T15:33:36.686+0000
12 ,문학,괴물들이 사는 나라,모리스 샌닥,시공주니어,2019-11-27T15:33:36.686+0000
13 ,사회과학,현대 인문지리,제임스 루벤스타인,시그마프레스,2019-11-27T15:33:36.686+0000
14 ,사회과학,글로벌시대의 무역개론,구종순,박영사,2019-11-27T15:33:36.686+0000
15 ,사회과학,소비자행동,"이학식, 안광호, 하영원",집현재,2019-11-27T15:33:36.686+0000
16 ,사회과학,엣센셜 기업재무,Stephen A. Ross,한국맥그로힐,2019-11-27T15:33:36.686+0000
17 ,사회과학,왜 세계의 절반은 굶주리는가?,장 지글러,갈라파고스,2019-11-27T15:33:36.686+0000
18 ,사회과학,경청,"조신영, 박현찬",위즈덤하우스,2019-11-27T15:33:36.686+0000
19 ,문학,여행의 기술,알랭 드 보통,청미래,2019-11-27T15:33:36.686+0000
20 ,문학,고도를 기다리며,사무엘 베케트,민음사,2019-11-27T15:33:36.686+0000
21 ,문학,장진 희곡집,장진,열음사,2019-11-27T15:33:36.686+0000
22 ,철학,하루에 떠나는 철학여행,김영범,페퍼민트(숨비소리),2019-11-27T15:33:36.686+0000
23 ,사회과학,과학적 관리의 원칙,프레드릭 윈즐로 테일러,박영사,2019-11-27T15:33:36.686+0000
24 ,역사,서양 문명의 역사 (상/하),에드워드 맥널 번즈,소나무,2019-11-27T15:33:36.686+0000
25 ,역사,역사를 보는 눈,호리고메 요조,개마고원,2019-11-27T15:33:36.686+0000
26 ,철학,미학의 역사,미학대계간행회,서울대학교출판부,2019-11-27T15:33:36.686+0000
27 ,문학,햄릿,윌리엄 셰익스피어,열린책들,2019-11-27T15:33:36.686+0000
28 ,철학,성학집요,이이,청어람미디어,2019-11-27T15:33:36.686+0000
29 ,철학,논어,공자,홍익출판사,2019-11-27T15:33:36.686+0000
30 ,문학,호밀밭의 파수꾼,J. D. 샐린저,민음사,2019-11-27T15:33:36.686+0000
31 ,문학,동물농장,조지 오웰,민음사,2019-11-27T15:33:36.686+0000
32 ,문학,기탄잘리,라빈드라나드 타고르,열린책들,2019-11-27T15:33:36.686+0000
33 ,총류,리딩으로 리드하라,이지성,문학동네,2019-11-27T15:33:36.686+0000
34 ,철학,소피의 세계,요슈타인 가아더,현암사,2019-11-27T15:33:36.686+0000
35 ,철학,국가·정체(政體),플라톤 (박종현 옮김),서광사,2019-11-27T15:33:36.686+0000
36 ,문학,설국열차,장 마르크 로셰트,현실문화,2019-11-27T15:33:36.686+0000
37 ,철학,무소유,법정,범우사,2019-11-27T15:33:36.686+0000
38 ,철학,서양 철학사,S. P. 램프레히트,을유문화사,2019-11-27T15:33:36.686+0000
39 ,총류,오체 불만족,오토다케 히로타다,창해,2019-11-27T15:33:36.686+0000
40 ,문학,빅 픽처,더글라스 케네디,밝은세상,2019-11-27T15:33:36.686+0000
41 ,역사,역사는 누구의 편에 서는가,아이리스 장,미다스북스,2019-11-27T15:33:36.686+0000
42 ,역사,아틀라스 한국사,한국교원대학교 역사교육과,사계절,2019-11-27T15:33:36.686+0000
43 ,역사,한국사통론,변태섭,삼영사,2019-11-27T15:33:36.686+0000
44 ,문학,죽음의 수용소에서,빅터 프랭클,청아출판사,2019-11-27T15:33:36.686+0000
45 ,문학,나무,베르나르 베르베르,열린책들,2019-11-27T15:33:36.686+0000
46 ,문학,개천은 용의 홈타운,최정례,창비,2019-11-27T15:33:36.686+0000
47 ,문학,죽은 자가 무슨 말을,필립 K. 딕,집사재,2019-11-27T15:33:36.686+0000
48 ,문학,바보 빅터,호아킴 데 포사다,한국경제신문,2019-11-27T15:33:36.686+0000
49 ,철학,정의란 무엇인가,마이클 샌델,김영사,2019-11-27T15:33:36.686+0000
50 ,철학,철학의 문제들,버트란드 러셀,이학사,2019-11-27T15:33:36.686+0000
51 ,철학,철학의 근본문제에 관한 10가지 성찰,나이절 워버턴,자작나무,2019-11-27T15:33:36.686+0000
52 ,철학,서양근대철학의 열가지 쟁점,서양근대철학회,창비,2019-11-27T15:33:36.686+0000
53 ,문학,이강백 희곡전집 1,이강백,평민사,2019-11-27T15:33:36.686+0000
54 ,예술,액팅 원,로버트 코헨,경당,2019-12-27T15:33:36.686+0000
55 ,문학,브람스를 좋아하세요…,프랑수아즈 사강,민음사,2019-12-27T15:33:36.686+0000
56 ,사회과학,전태일 평전,조영래,아름다운전태일,2019-12-27T15:33:36.686+0000
57 ,사회과학,스님의 주례사,법륜,휴(休),2019-12-27T15:33:36.686+0000
58 ,문학,유토피아,토머스 모어,펭귄클래식코리아(웅진),2019-12-27T15:33:36.686+0000
59 ,문학,관객모독,페터 한트케,민음사,2019-12-27T15:33:36.686+0000
60 ,총류,당신의 꿈은 무엇입니까,김수영,웅진지식하우스,2019-12-27T15:33:36.686+0000
61 ,예술,가난한 연극,예지 그로토프스키,교보문고,2019-12-27T15:33:36.686+0000
62 ,사회과학,"공정 여행, 당신의 휴가는 정의로운가",패멀라 노위카,이후,2019-12-27T15:33:36.686+0000
63 ,문학,빛의 제국,김영하,문학동네,2019-12-27T15:33:36.686+0000
64 ,문학,고래,천명관,문학동네,2019-12-27T15:33:36.686+0000
65 ,문학,고령화 가족,천명관,문학동네,2019-12-27T15:33:36.686+0000
66 ,문학,나의 삼촌 브루스 리,천명관,예담,2019-12-27T15:33:36.686+0000
67 ,철학,오리엔탈리즘,에드워드 W. 사이드,교보문고,2019-12-27T15:33:36.686+0000
68 ,철학,죽음이란 무엇인가,셸리 케이건,엘도라도,2019-12-27T15:33:36.686+0000
69 ,문학,새의 선물,은희경,문학동네,2019-12-27T15:33:36.686+0000
70 ,문학,나를 부르는 숲,빌 브라이슨,동아일보사,2019-12-27T15:33:36.686+0000
71 ,문학,걸리버 여행기,조나단 스위프트,문학수첩,2019-12-27T15:33:36.686+0000
72 ,문학,어린 왕자,생 텍쥐페리,비룡소,2019-12-27T15:33:36.686+0000
73 ,문학,죽은 왕녀를 위한 파반느,박민규,예담,2019-12-27T15:33:36.686+0000
74 ,문학,인연,피천득,샘터사,2019-12-27T15:33:36.686+0000
75 ,문학,발랄한 라라,마광수,평단문화사,2019-12-27T15:33:36.686+0000
76 ,문학,사신 치바,이사카 고타로,웅진지식하우스,2019-12-27T15:33:36.686+0000
77 ,예술,기예르모 델 토로의 창작 노트,"기예르모 델 토로, 마크 스콧 지크리",중앙북스,2019-12-27T15:33:36.686+0000
78 ,예술,레오나르도 다 빈치 노트북,레오나르도 다 빈치,루비박스,2019-12-27T15:33:36.686+0000
79 ,사회과학,의자놀이,공지영,휴머니스트,2019-12-27T15:33:36.686+0000
80 ,문학,"톨스토이 단편선 1, 2",레프 니콜라예비치 톨스토이,인디북(인디아이),2019-12-27T15:33:36.686+0000
81 ,문학,생쥐와 인간,존 스타인벡,비룡소,2019-12-27T15:33:36.686+0000
82 ,문학,삼국지 (전10권),요시카와 에이지 (나관중 원작),문예춘추사,2019-12-27T15:33:36.686+0000
83 ,사회과학,마케팅,이학식,법문사,2019-12-27T15:33:36.686+0000
84 ,사회과학,생산관리,F. Robert Jacobs,한경사,2019-12-27T15:33:36.686+0000
85 ,사회과학,신인사관리,박경규,홍문사,2019-12-27T15:33:36.686+0000
86 ,문학,이방인,알베르 카뮈,민음사,2019-12-27T15:33:36.686+0000
87 ,문학,노인과 바다,어니스트 헤밍웨이,민음사,2019-12-27T15:33:36.686+0000
88 ,문학,나르치스와 골드문트,헤르만 헤세,민음사,2019-12-27T15:33:36.686+0000
89 ,문학,설국,가와바타 야스나리,민음사,2019-12-27T15:33:36.686+0000
90 ,문학,파리대왕,윌리엄 골딩,민음사,2019-12-27T15:33:36.686+0000
91 ,문학,두 도시 이야기,찰스 디킨스,펭귄클래식코리아(웅진),2019-12-27T15:33:36.686+0000
92 ,문학,19세,이순원,세계사,2019-12-27T15:33:36.686+0000
93 ,문학,프랑켄슈타인,메리 셸리,열린책들,2019-12-27T15:33:36.686+0000
94 ,사회과학,유시민의 글쓰기 특강,유시민,생각의길,2019-12-27T15:33:36.686+0000
95 ,사회과학,박종훈의 대담한 경제,박종훈,21세기북스,2019-12-27T15:33:36.686+0000
96 ,문학,한국단편소설 35,박찬영 외 엮음,리베르,2019-12-27T15:33:36.686+0000
97 ,문학,드라큘라,브램 스토커,열린책들,2019-12-27T15:33:36.686+0000
98 ,문학,소돔의 120일,D. A. F. 드 사드,동서문화사,2019-12-27T15:33:36.686+0000
99 ,문학,러브크래프트 전집 1,H. P. 러브크래프트,황금가지,2019-12-27T15:33:36.686+0000
100 ,문학,모비딕,허먼 멜빌,열린책들,2019-12-27T15:33:36.686+0000
101 ,사회과학,자라 성공 스토리,코바돈가 오셔,더난출판사,2019-12-27T15:33:36.686+0000
102 ,문학,데미안,헤르만 헤세,민음사,2019-12-27T15:33:36.686+0000
103 ,사회과학,시민의 교양,채사장,웨일북,2019-12-27T15:33:36.686+0000
104 ,문학,1984,조지 오웰,민음사,2019-12-27T15:33:36.686+0000
105 ,총류,무엇이 되기 위해 살지 마라,백지연,알마,2019-12-27T15:33:36.686+0000
106 ,사회과학,나는 세계 일주로 경제를 배웠다,코너 우드먼,갤리온,2019-12-27T15:33:36.686+0000
107 ,사회과학,나는 세계 일주로 자본주의를 만났다,코너 우드먼,갤리온,2019-12-27T15:33:36.686+0000
108 ,사회과학,"카네기 인간관계론
(How to Win Friends & Influence People)",데일 카네기,씨앗을뿌리는사람,2019-12-27T15:33:36.686+0000
109 ,사회과학,미디어 숲에서 나를 돌아보다,"강준만, 원용진, 조흡, 이창근",인물과사상사,2019-12-27T15:33:36.686+0000
110 ,사회과학,나의 문화편력기,김창남,정한책방,2019-12-27T15:33:36.686+0000
111 ,사회과학,세계미래보고서 2050,"박영숙, 제롬 글렌",교보문고,2019-12-27T15:33:36.686+0000
112 ,문학,위대한 개츠비,F. 스콧 피츠제럴드,민음사,2019-12-27T15:33:36.686+0000
113 ,문학,오만과 편견,제인 오스틴,민음사,2019-12-27T15:33:36.686+0000
114 ,사회과학,우리는 모두 페미니스트가 되어야 합니다,치마만다 응고지 아디치에,창비,2019-12-27T15:33:36.686+0000
115 ,자연과학,틀리지 않는 법,조던 앨런버그,열린책들,2019-12-27T15:33:36.686+0000
116 ,사회과학,애플스토어를 경험하라,카민 갤로,두드림출판사,2019-12-27T15:33:36.686+0000
117 ,문학,예언자,칼릴 지브란,물병자리,2019-12-27T15:33:36.686+0000
118 ,철학,비트겐슈타인의 인생 노트,루트비히 비트겐슈타인,필로소픽,2019-12-27T15:33:36.686+0000
119 ,문학,시계태엽 오렌지,앤소니 버제스,민음사,2019-12-27T15:33:36.686+0000
120 ,문학,픽션들,호르헤 루이스 보르헤스,민음사,2019-12-27T15:33:36.686+0000
121 ,문학,구해줘,기욤 뮈소,밝은세상,2019-12-27T15:33:36.686+0000
122 ,문학,"당신, 거기 있어 줄래요?",기욤 뮈소,밝은세상,2019-12-27T15:33:36.686+0000
123 ,문학,사랑하기 때문에,기욤 뮈소,밝은세상,2019-12-27T15:33:36.686+0000
124 ,문학,당신 없는 나는?,기욤 뮈소,밝은세상,2019-12-27T15:33:36.686+0000
125 ,문학,그 후에,기욤 뮈소,밝은세상,2019-12-27T15:33:36.686+0000
126 ,문학,종이 여자,기욤 뮈소,밝은세상,2019-12-27T15:33:36.686+0000
127 ,문학,당신 인생의 이야기,테드 창,행복한책읽기,2019-12-27T15:33:36.686+0000
128 ,사회과학,평균의 종말,토드 로즈,21세기북스,2019-12-27T15:33:36.686+0000
129 ,문학,존재의 세 가지 거짓말,아고타 크리스토프,까치,2019-12-27T15:33:36.686+0000
130 ,문학,노인을 위한 나라는 없다,코맥 매카시,사피엔스21,2019-12-27T15:33:36.686+0000
131 ,문학,82년생 김지영,조난주,민음사,2019-12-27T15:33:36.686+0000
132 ,문학,불꽃,마타요시 나오키,소미미디어,2019-12-27T15:33:36.686+0000
133 ,문학,달과 6펜스,서머셋 몸,민음사,2019-12-27T15:33:36.686+0000
134 ,기술과학,"세상을 만드는 글자, 코딩",박준석,동아시아,2019-12-27T15:33:36.686+0000
135 ,문학,차가운 피부,알베르트 산체스,들녘,2019-12-27T15:33:36.686+0000
136 ,사회과학,퇴사준비생의 도쿄,이동진 외,더퀘스트,2019-12-27T15:33:36.686+0000
137 ,사회과학,지적자본론,마스다 무네아키,민음사,2019-12-27T15:33:36.686+0000
138 ,문학,섬,장 그르니에,민음사,2020-01-27T15:33:36.686+0000
139 ,총류,신경 끄기의 기술,마크 맨슨,갤리온,2020-01-27T15:33:36.686+0000
140 ,사회과학,플랫폼 전쟁,김조한,메디치미디어,2020-01-27T15:33:36.686+0000
141 ,사회과학,"일론 머스크, 미래의 설계자",애슐리 반스,김영사,2020-01-27T15:33:36.686+0000
142 ,문학,인간 실격,다자이 오사무,민음사,2020-01-27T15:33:36.686+0000
143 ,총류,1만권 독서법,인나미 아쓰시,위즈덤하우스,2020-01-27T15:33:36.686+0000
144 ,총류,종이 한 장으로 요약하는 기술,아사다 스구루,시사일본어사,2020-01-27T15:33:36.686+0000
145 ,사회과학,슬픈 옥수수,케이틀린 셰털리,풀빛,2020-01-27T15:33:36.686+0000
146 ,문학,젊은 베르테르의 슬픔,요한 볼프강 폰 괴테,민음사,2020-01-27T15:33:36.686+0000
147 ,문학,80일간의 세계 일주,쥘 베른,열린책들,2020-01-27T15:33:36.686+0000
148 ,역사,지적 대화를 위한 넓고 얕은 지식: 현실 세계 편,채사장,한빛비즈,2020-01-27T15:33:36.686+0000
149 ,역사,지적 대화를 위한 넓고 얕은 지식: 현실 너머 편,채사장,한빛비즈,2020-01-27T15:33:36.686+0000
150 ,사회과학,21세기 자본,토마 피케티,글항아리,2020-01-27T15:33:36.686+0000
151 ,사회과학,자본주의·사회주의·민주주의,조지프 슘페터,한길사,2020-01-27T15:33:36.686+0000
152 ,역사,"총, 균, 쇠",재레드 다이아몬드,문학사상사,2020-01-27T15:33:36.686+0000
153 ,사회과학,지리의 힘,팀 마샬,사이,2020-01-27T15:33:36.686+0000
154 ,역사,물질문명과 자본주의 읽기,페르낭 브로델,갈라파고스,2020-01-27T15:33:36.686+0000
155 ,문학,종이 동물원,켄 리우,황금가지,2020-01-27T15:33:36.686+0000
156 ,종교,메시지 구약 모세오경,유진 피터슨,복있는사람,2020-01-27T15:33:36.686+0000
157 ,문학,제비뽑기,셜리 잭슨,엘릭시르,2020-01-27T15:33:36.686+0000
158 ,총류,서평 쓰는 법,이원석,유유,2020-01-27T15:33:36.686+0000
159 ,역사,처음 읽는 인도사,전국역사교사모임,휴머니스트,2020-01-27T15:33:36.686+0000
160 ,기술과학,Hello Coding 개념부터 처음 배우는 프로그래밍,Pope Kim,한빛미디어,2020-01-27T15:33:36.686+0000
161 ,문학,야생종,옥타비아 버틀러,오멜라스(웅진),2020-01-27T15:33:36.686+0000
162 ,사회과학,생각의 지도,리처드 니스벳,김영사,2020-01-27T15:33:36.686+0000
163 ,문학,입 속의 검은 잎,기형도,문학과지성사,2020-01-27T15:33:36.686+0000
164 ,문학,투 리틀 새비지즈,어니스트 톰슨 시튼,문파랑,2020-01-27T15:33:36.686+0000
165 ,총류,완벽한 공부법,"고영성, 신영준",로크미디어,2020-01-27T15:33:36.686+0000
166 ,문학,그리스인 조르바,니코스 카잔차키스,열린책들,2020-01-27T15:33:36.686+0000
167 ,사회과학,누드교과서 SE 법과 사회,이투스 사회팀,이투스북,2020-01-27T15:33:36.686+0000
168 ,예술,쇼트: 영화의 시작 (카이에 뒤 시네마 영화이론),"엠마뉴엘 시에티 지음, 심은진 옮김",이화여자대학교출판문화원,2020-01-27T15:33:36.686+0000
169 ,예술,몽타주: 영화의 시간과 공간 (카이에 뒤 시네마 영화이론),"뱅상 피넬 지음, 심은진 옮김",이화여자대학교출판문화원,2020-01-27T15:33:36.686+0000
170 ,문학,비평이론의 모든 것: 신비평부터 퀴어비평까지,"로이스 타이슨 지음, 윤동구 옮김",앨피,2020-01-27T15:33:36.686+0000
171 ,문학,지킬 박사와 하이드,"로버트 루이스 스티븐슨 지음, 박찬원 옮김",펭귄클래식코리아(웅진),2020-01-27T15:33:36.686+0000
172 ,예술,예술의 종말 이후: 컨템퍼러리 미술과 역사의 울타리,아서 단토,미술문화,2020-01-27T15:33:36.686+0000
173 ,사회과학,도덕적 인간과 비도덕적 사회,"라인홀드 니버 지음, 이한우 옮김",문예출판사,2020-01-27T15:33:36.686+0000
174 ,문학,모래의 여자,아베 코보,민음사,2020-01-27T15:33:36.686+0000
175 ,자연과학,생명이 있는 것은 다 아름답다,최재천,효형출판,2020-01-27T15:33:36.686+0000
176 ,문학,소설쓰기의 모든 것 Part 1: 플롯과 구조,제임스 스콧 벨,다른,2020-01-27T15:33:36.686+0000
177 ,사회과학,인구가 줄어들면 경제가 망할까,요시카와 히로시,세종서적,2020-01-27T15:33:36.686+0000
178 ,문학,아Q정전,루쉰,열린책들,2020-01-27T15:33:36.686+0000
179 ,사회과학,지정학에 관한 모든 것,파스칼 보니파스,레디셋고,2020-01-27T15:33:36.686+0000
180 ,문학,천일야화 (전 6권),미상/앙투안 갈랑,열린책들,2020-01-27T15:33:36.686+0000
181 ,총류,시크릿 타이베이,박진주,시공사,2020-01-27T15:33:36.686+0000
182 ,총류,시크릿 교토,박미희,시공사,2020-01-27T15:33:36.686+0000
183 ,총류,시크릿 제주,구지선,시공사,2020-01-27T15:33:36.686+0000
184 ,총류,리얼 상하이 PLUS 항저우·쑤저우,도선미,한빛라이프,2020-01-27T15:33:36.686+0000
185 ,종교,세계 종교 둘러보기,오강남,현암사,2020-01-27T15:33:36.686+0000
186 ,사회과학,백종원의 장사 이야기,백종원,서울문화사,2020-01-27T15:33:36.686+0000
187 ,사회과학,상하이 비즈니스 산책,김명신,한빛비즈,2020-01-27T15:33:36.686+0000
188 ,문학,"신곡 (전 3권, 지옥편-연옥편-천국편)",단테 알리기에리,민음사,2020-01-27T15:33:36.686+0000
189 ,문학,인생,위화,푸른숲,2020-01-27T15:33:36.686+0000
190 ,역사,도시는 역사다,"도시사학회 기획/이영석, 민유기 등 10명",서해문집,2020-01-27T15:33:36.686+0000
191 ,역사,유럽 국민국가의 계보 (990~1992년),찰스 틸리,그린비,2020-01-27T15:33:36.686+0000
192 ,역사,베트남 전쟁,박태균,한겨레출판,2020-01-27T15:33:36.686+0000
193 ,역사,한중일이 함께 쓴 동아시아 근현대사 (전 2권),한중일3국공동역사편찬위원회,휴머니스트,2020-02-27T15:33:36.686+0000
194 ,역사,어떻게 세계는 서양이 주도하게 되었는가,로버트 B. 마르크스,사이,2020-02-27T15:33:36.686+0000
195 ,역사,커피 세계사,탄베 유키히로,황소자리,2020-02-27T15:33:36.686+0000
196 ,철학,"죽음, 그 후","제프리 롱, 폴 페리",에이미팩토리,2020-02-27T15:33:36.686+0000
197 ,사회과학,아파트 공화국,발레리 줄레조,후마니타스,2020-02-27T15:33:36.686+0000
198 ,예술,다른 방식으로 보기 (Ways of Seeing),존 버거,열화당,2020-02-27T15:33:36.686+0000
199 ,예술,그림을 본다는 것 (Looking at Pictures),케네스 클라크,엑스오북스,2020-02-27T15:33:36.686+0000
200 ,예술,단숨에 읽는 그림 보는 법,수잔 우드포드,시그마북스,2020-02-27T15:33:36.686+0000
201 ,역사,한권으로 정리한 이야기 중국사,조관희,청아출판사,2020-02-27T15:33:36.686+0000
202 ,예술,단숨에 읽는 현대미술사,에이미 뎀프시,시그마북스,2020-02-27T15:33:36.686+0000
203 ,역사,왜 서양이 지배하는가,이언 모리스,글항아리,2020-02-27T15:33:36.686+0000
204 ,역사,절반의 중국사,가오훙레이,메디치미디어,2020-02-27T15:33:36.686+0000
205 ,철학,소크라테스에서 포스트모더니즘까지,"새뮤얼 이녹 스텀프, 제임스 피저",열린책들,2020-02-27T15:33:36.686+0000
206 ,문학,곧 죽어도 등교,"송헌, 위래, 아소, 차삼동, 쩌리, 한유, 손장훈, 송이문","황금가지, 브릿G",2020-02-27T15:33:36.686+0000
207 ,역사,"기후, 문명의 지도를 바꾸다",브라이언 페이건,예지,2020-02-27T15:33:36.686+0000
208 ,역사,사회민주주의의 시대,프랜시스 세예르스테드,글항아리,2020-02-27T15:33:36.686+0000
209 ,사회과학,세계대공황,김수행,돌베개,2020-02-27T15:33:36.686+0000
210 ,역사,소비의 역사,설혜심,휴머니스트,2020-02-27T15:33:36.686+0000
211 ,사회과학,꿀벌의 우화,버나드 맨더빌,문예출판사,2020-02-27T15:33:36.686+0000
212 ,사회과학,자본론 공부,김수행,돌베개,2020-02-27T15:33:36.686+0000
213 ,사회과학,중공업 가족의 유토피아,양승훈,오월의봄,2020-02-27T15:33:36.686+0000
214 ,사회과학,린 스타트업,에릭 리스,인사이트,2020-02-27T15:33:36.686+0000
215 ,사회과학,맵헤드,켄 제닝스,글항아리,2020-02-27T15:33:36.686+0000
216 ,총류,"나는 아직, 어른이 되려면 멀었다",강세형,김영사,2020-02-27T15:33:36.686+0000
217 ,문학,앵무새 죽이기,하퍼 리,열린책들,2020-02-27T15:33:36.686+0000
218 ,역사,"거대한 코끼리, 중국의 진실",임명묵,에이지21,2020-02-27T15:33:36.686+0000
219 ,사회과학,왜 지금 지리학인가,하름 데 블레이,사회평론,2020-02-27T15:33:36.686+0000
220 ,철학,파시즘,케빈 패스모어,교유서가,2020-02-27T15:33:36.686+0000
221 ,총류,나는 왜 이 일을 하는가,사이먼 사이넥,타임비즈,2020-02-27T15:33:36.686+0000
222 ,기술과학,독하게 시작하는 C 프로그래밍,최호성,루비페이퍼,2020-02-27T15:33:36.686+0000
223 ,총류,성공하는 사람들의 7가지 습관,스티븐 코비,김영사,2020-02-27T15:33:36.686+0000
224 ,기술과학,라즈베리 파이로 배우는 컴퓨터 아키텍처,"에반 업튼, 제프 듄트만 등 5명",위키북스,2020-02-27T15:33:36.686+0000
225 ,기술과학,이것이 C언어다,서현우,한빛미디어,2020-02-27T15:33:36.686+0000
226 ,기술과학,이것이 자바다,신용권,한빛미디어,2020-02-27T15:33:36.686+0000
227 ,기술과학,C를 배우기 전에 반드시 알아야 할 것들,무라야마 유키오,루비페이퍼,2020-02-27T15:33:36.686+0000
228 ,사회과학,검사내전,김웅,부키,2020-02-27T15:33:36.686+0000
229 ,기술과학,읽기 좋은 코드가 좋은 코드다,"더스틴 보즈웰, 트레버 파우커",한빛미디어,2020-02-27T15:33:36.686+0000
230 ,문학,분노의 포도 전 2권,존 스타인벡,민음사,2020-02-27T15:33:36.686+0000
231 ,문학,변신·시골의사,프란츠 카프카,민음사,2020-02-27T15:33:36.686+0000
232 ,문학,외딴방,신경숙,문학동네,2020-02-27T15:33:36.686+0000
233 ,예술,재즈 잇 업! JAZZ IT UP!,남무성,서해문집,2020-02-27T15:33:36.686+0000
234 ,예술,윤미네 집,전몽각,포토넷,2020-02-27T15:33:36.686+0000
235 ,사회과학,통계의 함정,"게르트 기거렌처, 발터 크래머, 토마스 바우어",율리시즈,2020-02-27T15:33:36.686+0000
236 ,기술과학,주거해부도감,마스다 스스무,더숲,2020-02-27T15:33:36.686+0000
237 ,역사,무역의 세계사,윌리엄 번스타인,라이팅하우스,2020-02-27T15:33:36.686+0000
238 ,기술과학,모두의 네트워크,미즈구치 카츠야,길벗,2020-02-27T15:33:36.686+0000
239 ,기술과학,OS가 보이는 그림책,"ANK Co., Ltd.",성안당,2020-02-27T15:33:36.686+0000
240 ,기술과학,그림 한 장으로 보는 최신 서버 가이드북,Masahiro Kihashi,정보문화사,2020-02-27T15:33:36.686+0000
241 ,기술과학,후니의 쉽게 쓴 시스코 네트워킹,진강훈,성안당,2020-02-27T15:33:36.686+0000
242 ,기술과학,쉽게 배우는 데이터 통신과 컴퓨터 네트워크,박기현,한빛아카데미,2020-02-27T15:33:36.686+0000
243 ,기술과학,실습과 그림으로 배우는 리눅스 구조,다케우치 사토루,한빛미디어,2020-02-27T15:33:36.686+0000
244 ,기술과학,운영체제,Abraham Silberschatz,WILEY 교보문고,2020-02-27T15:33:36.686+0000
245 ,철학,철학은 어떻게 삶의 무기가 되는가,야마구치 슈,다산초당(다산북스),2020-02-27T15:33:36.686+0000
246 ,기술과학,리눅스 커맨드 라인 완벽 입문서,윌리엄 E. 샤츠 주니어,비제이퍼블릭,2020-02-27T15:33:36.686+0000
247 ,총류,공부에 미친 사람들,김병완,다산북스,2020-02-27T15:33:36.686+0000
248 ,역사,사치와 자본주의,베르너 좀바르트,문예출판사,2020-02-27T15:33:36.686+0000
249 ,기술과학,Power JAVA,"천인국, 하상호",인피니티북스,2020-02-27T15:33:36.686+0000
250 ,기술과학,자바 퍼즐러,"조슈아 블로크, 닐 개프터",한빛미디어,2020-02-27T15:33:36.686+0000
251 ,기술과학,Do it! 자료구조와 함께 배우는 알고리즘 입문 자바편,시바타 보요,이지스퍼블리싱,2020-02-27T15:33:36.686+0000
252 ,기술과학,객체지향의 사실과 오해,조영호,위키북스,2020-02-27T15:33:36.686+0000
253 ,기술과학,객체지향 소프트웨어 공학,최은만,한빛아카데미,2020-02-27T15:33:36.686+0000
254 ,기술과학,난 정말 JAVA를 공부한 적이 없다구요,윤성우,오렌지미디어,2020-02-27T15:33:36.686+0000
255 ,사회과학,자본의 본성에 관하여 외,소스타인 베블런,책세상,2020-02-27T15:33:36.686+0000
256 ,사회과학,프로테스탄트 윤리와 자본주의 정신,막스 베버,현대지성,2020-02-27T15:33:36.686+0000
257 ,사회과학,유럽연합의 종말,얀 지엘론카,아마존의나비,2020-02-27T15:33:36.686+0000
258 ,사회과학,독일은 어떻게 유럽을 지배하는가,폴 레버,메디치미디어,2020-02-27T15:33:36.686+0000
259 ,기술과학,어떻게 문제를 풀 것인가,조지 폴리아,교우사,2020-02-27T15:33:36.686+0000
260 ,종교,종교의 본질에 대하여,루트비히 포이어바흐,한길사,2020-02-27T15:33:36.686+0000
261 ,역사,보급전의 역사,마르틴 반 크레펠트,플래닛미디어,2020-02-27T15:33:36.686+0000
262 ,사회과학,세계미래보고서 2055,"박영숙, 제롬 글렌",비즈니스북스,2020-02-27T15:33:36.686+0000
263 ,사회과학,베이징 컨센서스,스테판 할퍼,21세기북스,2020-02-27T15:33:36.686+0000
264 ,사회과학,"또 다른 중화, 대만",지은주,김영사,2020-02-27T15:33:36.686+0000
265 ,역사,베트남 (역사와 사회의 이해),유인선,세창출판사,2020-02-27T15:33:36.686+0000
266 ,역사,힙스터에 주의하라,n+1,마티,2020-02-27T15:33:36.686+0000
267 ,자연과학,숨마쿰라우데 수학 시리즈,이룸E&B 편집부,이룸E&B,2020-02-27T15:33:36.686+0000
268 ,자연과학,수학의 명작,"최지욱, 최지헌, 진겸, 박경태",오르비북스,2020-02-27T15:33:36.686+0000
269 ,사회과학,정치경제학과 과세의 원리에 대하여,데이비드 리카도,책세상,2020-02-27T15:33:36.686+0000
270 ,기술과학,자바의 정석,남궁 성,도우출판,2020-02-27T15:33:36.686+0000
271 ,기술과학,Java 언어로 배우는 디자인 패턴 입문,유키 히로시,영진닷컴,2020-02-27T15:33:36.686+0000
272 ,기술과학,자바로 배우는 리팩토링 입문,유키 히로시,길벗,2020-02-27T15:33:36.686+0000
273 ,기술과학,이펙티브 자바 thrid edition,조슈아 블로크,인사이트,2020-02-27T15:33:36.686+0000
274 ,기술과학,리팩토링: 코드 품질을 개선하는 객체지향 사고법,마틴 파울러,한빛미디어,2020-02-27T15:33:36.686+0000
275 ,기술과학,성공하는 프로그래밍 공부법,박재성,로드북,2020-02-27T15:33:36.686+0000
276 ,기술과학,윤성우의 열혈 C 프로그래밍,윤성우,오렌지미디어,2020-02-27T15:33:36.686+0000
277 ,기술과학,하루만에 만드는 안드로이드 앱 만들기,서창준,영진닷컴,2020-02-27T15:33:36.686+0000
278 ,기술과학,오라클로 배우는 데이터베이스 개론과 실습,"박우창, 남송휘, 이현룡",한빛아카데미,2020-02-27T15:33:36.686+0000
279 ,기술과학,오라클 SQL과 PL/SQL을 다루는 기술,홍형경,길벗,2020-02-27T15:33:36.686+0000
280 ,기술과학,자바 웹을 다루는 기술,이병승,길벗,2020-02-27T15:33:36.686+0000
281 ,기술과학,윤성우의 열혈 C++ 프로그래밍,윤성우,오렌지미디어,2020-02-27T15:33:36.686+0000
282 ,기술과학,Do it! 오라클로 배우는 데이터베이스 입문,이지훈,이지스퍼블리싱,2020-02-27T15:33:36.686+0000
283 ,기술과학,백견불여일타 JSP & Servlet,성윤정,로드북,2020-02-27T15:33:36.686+0000
284 ,기술과학,코딩을 지탱하는 기술,니시오 히로카즈,비제이퍼블릭,2020-02-27T15:33:36.686+0000
285 ,기술과학,컴퓨터 구조 및 설계,"데이비드 패터슨, 존 헤네시",한티미디어,2020-02-27T15:33:36.686+0000
286 ,기술과학,웹을 지탱하는 기술,야마모토 요헤이,멘토르,2020-02-27T15:33:36.686+0000
287 ,기술과학,자바와 JUnit을 활용한 실용주의 단위 테스트,"제프 랭어, 앤디 헌트, 데이브 토마스",길벗,2020-02-27T15:33:36.686+0000
288 ,언어,애로우 잉글리시 전치사 혁명,최재봉,애로우 잉글리시,2020-02-27T15:33:36.686+0000
289 ,기술과학,테스트 주도 개발,켄트 벡,인사이트,2020-02-27T15:33:36.686+0000
290 ,사회과학,양육가설,주디스 리치 해리스,이김,2020-02-27T15:33:36.686+0000
291 ,기술과학,파이썬으로 배우는 웹 크롤러,박정태,정보문화사,2020-02-27T15:33:36.686+0000
292 ,총류,실수연발 건망증 투성이는 어떻게 기억력 천재가 됐을까?,조신영,베프북스,2020-02-27T15:33:36.686+0000
293 ,기술과학,엔터프라이즈 애플리케이션 아키텍처 패턴,마틴 파울러,위키북스,2020-02-27T15:33:36.686+0000
294 ,기술과학,프로그래밍 언어 도감,마스이 토시카츠,영진닷컴,2020-02-27T15:33:36.686+0000
295 ,기술과학,프로그래밍 언어론,"김종훈, 김종진",한빛미디어,2020-02-27T15:33:36.686+0000
296 ,기술과학,밑바닥부터 만드는 컴퓨팅 시스템,"노암 니산, 시몬 쇼켄",인사이트,2020-02-27T15:33:36.686+0000
297 ,기술과학,윤성우의 열혈 자료구조,윤성우,오렌지미디어,2020-02-27T15:33:36.686+0000
298 ,기술과학,실용주의 프로그래머,"앤드류 헌트, 데이비드 토머스",인사이트,2020-02-27T15:33:36.686+0000
299 ,기술과학,익스트림 프로그래밍(XP),켄트 벡,인사이트,2020-02-27T15:33:36.686+0000
300 ,기술과학,켄트 벡의 구현 패턴,켄트 벡,에이콘,2020-02-27T15:33:36.686+0000
301 ,기술과학,뇌를 자극하는 윈도우즈 시스템 프로그래밍,윤성우,한빛미디어,2020-02-27T15:33:36.686+0000
302 ,기술과학,HTTP 완벽 가이드,데이빗 고울리,인사이트,2020-02-27T15:33:36.686+0000
303 ,기술과학,손에 잡히는 Vim,김선영,인사이트,2020-02-27T15:33:36.686+0000
304 ,기술과학,"건축, 우리의 자화상",임석재,인물과 사상사,2020-02-27T15:33:36.686+0000
305 ,사회과학,비교정부와 정치,"로드 헤이그, 마틴 해롭",명인문화사,2020-02-27T15:33:36.686+0000
306 ,사회과학,현대심리학,"앤서니 기든스, 필립 서튼",을유문화사,2020-02-27T15:33:36.686+0000
307 ,기술과학,자바 최적화,"벤저민 J. 에번스, 제임스 고프, 크리스 뉴랜드","한빛미디어, 오라일리",2020-02-27T15:33:36.686+0000
308 ,기술과학,소셜 코딩으로 이끄는 GitHub 실천 기술,"오오츠카 히로키 지음, 윤인성 옮김",제이펍,2020-03-27T15:33:36.686+0000
309 ,사회과학,생각의 탄생,"로버트 루트번스타인, 미셸 루트번스타인",에코의 서재,2020-03-27T15:33:36.686+0000
310 ,기술과학,코딩 인터뷰 완전 분석,게일 라크만 맥도웰,인사이트,2020-03-27T15:33:36.686+0000
311 ,기술과학,알고리즘,로버트 세지윅,길벗,2020-03-27T15:33:36.686+0000
312 ,기술과학,Head First Servlets & JSP,"케이시 시에라, 버트 베이츠, 브라얀 바샴","한빛미디어, 오라일리",2020-03-27T15:33:36.686+0000
313 ,자연과학,세상에서 가장 쉬운 통계학 입문,고지마 히로유키,지상사,2020-03-27T15:33:36.686+0000
314 ,기술과학,오브젝트,조영호,위키북스,2020-03-27T15:33:36.686+0000
315 ,기술과학,프로젝트 성패를 결정짓는 데이터 모델링 이야기,김상래,한빛미디어,2020-03-27T15:33:36.686+0000
316 ,기술과학,네트워크 개론: 쉽게 배우는 네트워크의 기본 원리,전혜진,한빛아카데미,2020-03-27T15:33:36.686+0000
317 ,기술과학,HTML5 핵심 API,하타노 후토미,한빛미디어,2020-03-27T15:33:36.686+0000
318 ,언어,레토릭: 세상을 움직인 설득의 비밀,샘 리스,청어람미디어,2020-03-27T15:33:36.686+0000
319 ,기술과학,자바스크립트 성능 이야기,박재성,위키북스,2020-03-27T15:33:36.686+0000
320 ,기술과학,자바스크립트 완벽 가이드,데이비드 플래너건,"인사이트, 오라일리",2020-03-27T15:33:36.686+0000
321 ,기술과학,패턴 랭귀지,크리스토퍼 알렉산더,인사이트,2020-03-27T15:33:36.686+0000
322 ,기술과학,How Computers Work,론 화이트,교학사,2020-03-27T15:33:36.686+0000
323 ,사회과학,유한계급론,소스타인 베블런,현대지성,2020-03-27T15:33:36.686+0000
324 ,기술과학,모두를 위한 실용 전자공학,"폴 슈레즈, 사이먼 몽크",제이펍,2020-03-27T15:33:36.686+0000
325 ,기술과학,"프로그래머의 길, 멘토에게 묻다","데이브 후버, 애디웨일 오시나이","인사이트, 오라일리",2020-03-27T15:33:36.686+0000
326 ,기술과학,"빌트, 우리가 지어 올린 모든 것들의 과학",로마 아그라왈,어크로스,2020-03-27T15:33:36.686+0000
327 ,사회과학,정리하는 뇌,대니얼 J. 레비틴,와이즈베리,2020-03-27T15:33:36.686+0000
328 ,총류,도해사고력: 그림으로 그리고 생각정리 기술,나가타 도요시,스펙트럼북스,2020-03-27T15:33:36.686+0000
329 ,사회과학,매니징,헤럴드 제닌,OCEO,2020-03-27T15:33:36.686+0000
330 ,역사,대항해시대의 탄생,송동훈,시공사,2020-03-27T15:33:36.686+0000
331 ,사회과학,전문가의 조건: 기술적 숙련가에서 성찰적 실천가로,도날드 쇤,박영스토리,2020-03-27T15:33:36.686+0000
332 ,기술과학,영원의 건축,크리스토퍼 알렉산더,안그라픽스,2020-03-27T15:33:36.686+0000
333 ,자연과학,산책자를 위한 자연수업,트리스탄 굴리,이케이북,2020-03-27T15:33:36.686+0000